"Name (First)","Name (Last)","Email (Enter Email)","Country of Citizenship","Address (City)","Address (State / Province)","Address (Country)","In what state does your organization or business primarily create impact?","Entry Date","Progress","Save and Continue URL"
"Antonio","Moore","hello@smtslabs.com","","Baltimore","Maryland","US","","2026-10-05 07:56:18","10","https://watson.is/truist-foundation-fellowship-application/?gf_token=7d92ed022a404799ae4c1a50fe398c45"
"Beatrice","Ekechukwu","bcekechukwu@yahoo.com","United States","EL PASO","Texas","US","Texas","2026-10-05 09:17:37","62","?gf_token=8245edffe7d940088fa076276b719dc7"
"Takisha","Brown","tvbesquire@hotmail.com","United States","Bowie","MD","US","","2026-10-04 20:39:53","28","https://watson.is/truist-foundation-fellowship-application/?gf_token=a7d8b1f375984d3d8fd1d17131e91d72"
"Anthony","Beckett","anthonyb@legendaryedu.org","","","","","","2026-10-04 18:44:18","18","https://watson.is/truist-foundation-fellowship-application/?gf_token=a5abd291aa5340f7b18cd8e789c6c15d"
"a","a","contact@finibrand.com","United States","Randallstoen","MD","US","","2026-10-04 18:28:22","34","https://watson.is/truist-foundation-fellowship-application/?gf_token=a02f909927b6420a96a63c37dacceca3"
"Stephanie","Hopkins","performance6336@gmail.com","United States","Gibsonton","FL","US","Florida","2026-10-04 19:20:11","",""
"Frederick KIMANI Anku","Kenner","info@gardeningandbeats.com","United States","Landover","Maryland","US","Maryland","2026-10-04 16:37:35","",""
"Adrianna","Neal","adrianna.neal23@gmail.com","United States","Melissa","Texas","US","","2026-10-04 15:54:06","31","https://watson.is/truist-foundation-fellowship-application/?gf_token=b343bfb0c8154d039fa82e86e2199ba8"
"Elyse","Robinson","mail@unquoting.com","United States","Cleveland","OH","US","Ohio","2026-10-04 15:48:35","52","?gf_token=undefined"
"Cintoria","Franklin","","Iceland","","","","","2026-10-04 15:12:47","2","?gf_token=undefined"
"Shawnte","Mckinnon","contact@mckinnonscg.com","United States","Baltimore","Maryland","US","Maryland","2026-10-04 17:13:37","",""
"Ashley","Joubert","r.a.m.resurrectatlantamovement@outlook.com","United States","Jonesboro","GA","US","Georgia","2026-10-04 15:40:23","",""
"Cheryl","Jackson","cheryljackson.consultant@gmail.com","United States","Douglasville","GA","US","Georgia","2026-10-04 14:19:56","",""
"DAVINA","LLOYD","diamonddynasty10@gmail.com","United States","MYRTLE BEACH","SC","US","","2026-10-04 13:52:07","34","https://watson.is/truist-foundation-fellowship-application/?gf_token=530d0108a0814bc9a49c3886c07a5c66"
"Fredrick","Okagua","fredrickspencer871@gmail.com","Nigeria","","","","","2026-10-04 12:29:22","14","?gf_token=undefined"
"Jayci","Sadio","Info@NiyamaYogi.com","United States","Upper Marlboro","MD","US","Maryland","2026-10-04 12:23:54","",""
"Nailah","John","info@onestopweddingshop.us","Canada","Bradenton","Florida","US","Florida","2026-10-04 11:34:38","46","?gf_token=undefined"
"Sharon","Jackson","arrayoflighthc@gmail.com","United States","Millbrook","AL","US","","2026-10-04 10:40:00","13","?gf_token=undefined"
"De'Jonnae","Boyd","dejonnae.boyd@gmail.com","United States","Baltimore","MD","US","Maryland","2026-10-04 19:32:46","",""
"Billy","Maodza","nakiso@titleunlock.com","United States","Jersey City","New Jersey","US","","2026-10-04 11:16:18","18","https://watson.is/truist-foundation-fellowship-application/?gf_token=b4a744f570784ffd93a08f32e37f81c3"
"Teanetta","Brandon","21netta90@gmail.com","United States","","","","","2026-10-04 08:53:04","10","?gf_token=undefined"
"Michael","Osei-Gyeabour","michael@chestifyai.com","Ghana","Worcester","MA","US","","2026-10-04 04:19:17","14","?gf_token=undefined"
"Guntas","Guntas","guntas786@gmail.com","India","Ludhiana","Punjab","IN","International - Outside the United States","2026-10-04 02:44:16","47","https://watson.is/truist-foundation-fellowship-application/?gf_token=a6a817d220fb4ad1b57c0b219216fa53"
"Charmin","Brooks-Castleberry","charminbrooks@bellsouth.net","United States","Acworth","GA","US","","2026-10-03 20:31:27","18","?gf_token=undefined"
"Keosha","Sims","info@ivybridalshop.com","United States","Longwood","FL","US","","2026-10-03 20:25:05","53","?gf_token=undefined"
"Hadassah","Okandeji","hadassahokandeji@gmail.com","Nigeria","Ikeja","Lagos","NG","","2026-10-03 15:24:28","40","https://watson.is/truist-foundation-fellowship-application/?gf_token=ad213a8b64f04f85a4fe31caac146db0"
"Robert","Jackson","robertjacksoniii@cypher-futures.com","United States","Washington","DC","US","District of Columbia","2026-10-03 11:32:23","",""
"Aramuddin","Timory","Aramuddin1.timory@gmail.com","United States","Richmond","vA","US","Virginia","2026-10-03 09:14:24","20","?gf_token=undefined"
"Aramuddin","Timory","Aramuddin1.timory@gmail.com","United States","Richmond","vA","US","Virginia","2026-10-03 09:05:09","",""
"Aramuddin","Timory","Aramuddin1.timory@gmail.com","Afghanistan","Glen Allen","Virginia","US","","2026-10-03 08:40:17","23","?gf_token=undefined"
"","","","Sri Lanka","","","","","2026-10-03 08:24:22","1","?gf_token=undefined"
"Kedo","Williams","williamskedo2@gmail.com","Liberia","Monrovia","Maryland","LR","","2026-10-03 11:00:33","26","?gf_token=undefined"
"Andrew","Farrior","af@axm.global","United States","Birmingham, AL","AL","US","Alabama","2026-10-03 07:46:36","",""
"Mariam","Khan","cdf.mariamkhan@gmail.com","","Lahore","Punjab","PK","","2026-10-03 04:56:48","14","https://watson.is/truist-foundation-fellowship-application/?gf_token=c63732e9ab934c108947089247d43942"
"Latisha","Vincent-Waters","latisha.vwaters@gmail.com","United States","Ravenel","SC","US","","2026-10-03 04:20:45","17","https://watson.is/truist-foundation-fellowship-application/?gf_token=e5858c92ff224ff2b704488268a6c608"
"Kimberly","Hill","kim@needgreatersuccess.com","United States","DeSoto","TX","US","Texas","2026-10-03 03:37:40","62","https://watson.is/truist-foundation-fellowship-application/?gf_token=bbf23c2919624c41a24c8e26d605632e"
"Jazmin","Anjum","jazminanjum1214@gmail.com","Pakistan","Islamabad","Pakistan","PK","International - Outside the United States","2026-10-03 03:54:28","",""
"CynthiaAnn","Jackson","establishingher.sisterhood@gmail.com","United States","Desoto","Texas","US","","2026-10-02 22:43:59","21","https://watson.is/truist-foundation-fellowship-application/?gf_token=46783905d2ee4b358d1a8bd6adc1d083"
"Julia","Washington","JuliaWash3@gmail.com","United States","King George","VA","US","Virginia","2026-10-02 19:18:28","",""
"Nkeiruka Clara","Ikeri","ikerinkeirukaclara2010@gmail.com","Nigeria","Owerri","IMO","NG","International - Outside the United States","2026-10-02 17:56:55","",""
"Hannah","Collier","hello@suitesouth.co","United States","Atlanta","Georgia","US","Georgia","2026-10-02 16:35:11","",""
"Jorge","Morales Cardiel","mate_1411@hotmail.com","Mexico","Zacatecas","Zacatecas","MX","International - Outside the United States","2026-10-02 15:59:37","",""
"Richa","Shukla","richashuk99@gmail.com","India","Kanpur Nagar","Uttar Pradesh","IN","Washington","2026-10-02 14:30:20","40","https://watson.is/truist-foundation-fellowship-application/?gf_token=8d842b9feeb6428799e10427013ce0b9"
"","","","","","","","","2026-10-02 14:19:50","1","https://watson.is/truist-foundation-fellowship-application/?gf_token=e39c8168c87a49529b567f6ad15bc313"
"Mindy","Yocum","info@justicemobile.org","United States","Dublin","Ohio","US","Ohio","2026-10-02 13:04:41","",""
"Ron","Apollon","ron.apollon@servehaiti.org","United States","Powder Springs","GA","US","","2026-10-02 12:34:53","39","https://watson.is/truist-foundation-fellowship-application/?gf_token=0adc04675bb0464b83bb0bf211eb41ae"
"Eugene","Pough","epough@pyfa215.org","United States","Philadelphia","PA","US","Pennsylvania","2026-10-02 13:33:37","",""
"ELISSA","RUSSELL","erussell@consultreadi.com","United States","Portland","OR","US","","2026-10-04 17:21:48","20","https://watson.is/truist-foundation-fellowship-application/?gf_token=6863d3120c214ad0b6ea91626a2338c5"
"Euriz","Daniells","euriz@adaptivecon.com","United States","Port Saint Lucie","FL","US","","2026-10-02 10:49:40","34","https://watson.is/truist-foundation-fellowship-application/?gf_token=9aafb3fd87584f68a088d9cf0b337c4d"
"Kirednel","Howard","kire.howard@gmail.com","United States","Chicago","IL","US","","2026-10-02 10:09:18","28","https://watson.is/truist-foundation-fellowship-application/?gf_token=b67bcc42fc95484daec323d3997fb9e2"
"De'Jonnae","Boyd","dejonnae.boyd@gmail.com","United States","Baltimore","MD","US","","2026-10-02 14:49:30","21","https://watson.is/truist-foundation-fellowship-application/?gf_token=f12eda08b77c4558b9fe9dffebc43794"
"Theresa","Williams","theresa@focusedscholars.org","United States","Atlanta","GA","US","Georgia","2026-10-02 09:28:13","",""
"Fatima","NA","fgafoor365@gmail.com","India","Warangal","Telangana","IN","","2026-10-02 08:10:49","17","https://watson.is/truist-foundation-fellowship-application/?gf_token=3897520e71b44f8ba875e3e48f293e31"
"ShaRae","Hicks","nbmctheplc2b@gmail.com","United States","Memphis","Tennessee","US","","2026-10-02 06:20:23","15","https://watson.is/truist-foundation-fellowship-application/?gf_token=4641d5938e3c48518015c55ea977252f"
"Ponchellis","Jackson","ponchellis.jackson@gmail.com","United States","Alpharetta","GA","US","Georgia","2026-10-02 07:41:32","",""
"ShaRae","Hicks","mrsdeadrickmarkelphillips@gmail.com","United States","Memphis","Tennessee","US","","2026-10-02 06:05:40","18","https://watson.is/truist-foundation-fellowship-application/?gf_token=6c2eefd1182d44cb97cb992c00d9a00e"
"James","Warner","j.warner@mxtzwave.com","United States","Johns Creek","GA","US","Georgia","2026-10-02 09:17:42","47","https://watson.is/truist-foundation-fellowship-application/?gf_token=0e8481f7d53d4b53a113de9d36a774d1"
"","","","","","","","","2026-10-02 06:44:58","1","https://watson.is/truist-foundation-fellowship-application/?gf_token=bc86a6d1eabc446db4317b1e6c270660"
"Zaneeka","Hill","beautifullifeministry@outlook.com","United States","Charlotte","NC","US","","2026-10-02 05:07:01","17","https://watson.is/truist-foundation-fellowship-application/?gf_token=9cacee18ae7144a494e10a66ae8bad15"
"Diya","Tandel","deeatandel@gmail.com","India","Mumbai","Maharashtra","IN","Indiana","2026-10-02 09:49:47","",""
"","","","","","","","","2026-10-02 02:15:07","1","https://watson.is/truist-foundation-fellowship-application/?gf_token=8dca4dc4002d402d9e5bed8e85d95ed0"
"Destiny","Stepney","info@bridgesinc.org","United States","Cedar hill","Texas","US","","2026-10-02 00:17:37","33","?gf_token=1b853f00c99b4ea6a7d02559d0f4d422"
"Vladimir","Pryadko","svetatunz@gmail.com","Russian Federation","Belgorod","Pobeda St., d. 104, kv.102","RU","","2026-10-02 00:01:57","15","https://watson.is/truist-foundation-fellowship-application/?gf_token=9535e6558a744a46b5aa4d79ae634bf7"
"Dr. Rony","Delgarde","ronydelgarde@globalpaints.org","United States","Peachtree Corners","GA","US","Georgia","2026-10-02 00:17:25","",""
"Destiny","Stepney","info@bridgesinc.org","United States","Cedar hill","Texas","US","Texas","2026-10-02 00:15:29","",""
"Agata","Kozlova","agata.kozlova11@gmail.com","Latvia","Riga","Vidzeme","LV","","2026-10-01 23:16:38","18","https://watson.is/truist-foundation-fellowship-application/?gf_token=7a2237a3bcfa4bd5806331a13f1b42c2"
"Odie","Gray","support@six-watch.org","United States","Houston","Texas","US","Texas","2026-10-01 23:05:31","",""
"China","Cardriche Clements","ccardriche@fellow.bes.org","United States","Smyrna","Georgia","US","Georgia","2026-10-01 21:39:24","55","https://watson.is/truist-foundation-fellowship-application/?gf_token=823a1f472a27469bb297dc776591548d"
"Tisha","Lewis","perfectpeacepuzzles@gmail.com","United States","Marietta","GA","US","","2026-10-01 20:51:31","30","https://watson.is/truist-foundation-fellowship-application/?gf_token=8750a3207b414fa2897beaa641898552"
"Trish","Miller","tmiller@swemschool.com","United States","Atlanta","GA","US","","2026-10-01 19:32:51","33","https://watson.is/truist-foundation-fellowship-application/?gf_token=ebdf3793ee2d4665883f740e7cce54d7"
"Olaribigbe","Amusa","olari.amusa@nanoproprecifics.com","United States","Arlington","Texas","US","Texas","2026-10-03 09:00:14","",""
"Dr Kiyimba","Joseph","kiyimbajoseph@gmail.com","Uganda","KAMPALA","Central","UG","New Jersey","2026-10-01 17:04:43","81","?gf_token=1c3d8a270d3f49ccbc83daa7729af71d"
"Isiuwa","Igodan","isiuwaigodan@gmail.com","United States","washington","District Of Columbia","US","District of Columbia","2026-10-01 17:24:52","46","https://watson.is/truist-foundation-fellowship-application/?gf_token=99905aec99504cdabade07e8680b2c55"
"Dr Kiyimba","Joseph","kiyimbajoseph@gmail.com","Uganda","KAMPALA","Central","UG","New Jersey","2026-10-01 17:04:06","",""
"Segrid","Winston","swinston@vitalsnveins.com","United States","HARVEST","AL","US","Alabama","2026-10-01 15:46:39","42","https://watson.is/truist-foundation-fellowship-application/?gf_token=f2eb698bcf7246a1a456e41ddf4d14d0"
"Jorge","Morales Cardiel","mate_1411@hotmail.com","Mexico","Zacatecas","Zacatecas","MX","International - Outside the United States","2026-10-01 15:50:25","42","https://watson.is/truist-foundation-fellowship-application/?gf_token=c20c9e49f2794f0b8cd3b81e07e94314"
"Renea","Boles","Renea@rosemaryrenea.com","United States","Philadelphia","Pennsylvania","US","Pennsylvania","2026-10-01 16:24:38","69","https://watson.is/truist-foundation-fellowship-application/?gf_token=78859494721c42d0ba0332ed6aa5b18a"
"Tate","Linden","tate@stokefire.com","United States","Falls Church","VA","US","","2026-10-01 15:19:36","34","https://watson.is/truist-foundation-fellowship-application/?gf_token=eedcf8f60ded4fa38aee5fc715d6ca53"
"Dr. Jimmy","Morris, Jr.","jimmymorrisjr@morrisbuildersllc.com","United States","Prattville","Alabama","US","","2026-10-02 12:47:01","39","https://watson.is/truist-foundation-fellowship-application/?gf_token=9cd74e3408ed4e9eaca270eddfe58691"
"Stephanie","Neilan","sneilan2002@gmail.com","United States","Dania","FL","US","Florida","2026-10-01 14:17:16","49","https://watson.is/truist-foundation-fellowship-application/?gf_token=22c50867a9104eca9d019b34f533cff3"
"Patricia","Oliveira","contato.institute.reborn@gmail.com","Brazil","new york","NY","US","New York","2026-10-01 13:55:17","75","?gf_token=f6c1f4bb098b4d7fa93040bedd75f4b8"
"Jeferson","Tenorio","jefferson.tenorio@mlkcol.org","Colombia","Cali","valle del cauca","CO","International - Outside the United States","2026-10-01 13:38:47","81","https://watson.is/truist-foundation-fellowship-application/?gf_token=e4074d262f9942108e07f9b39a6267da"
"Clifton","Hall","chall@halhousing.com","United States","Wilkes Barre","PA","US","Pennsylvania","2026-10-01 14:06:08","59","https://watson.is/truist-foundation-fellowship-application/?gf_token=2e0fe02309b14265bf53d19abaf813f6"
"Latasha","Echols","lmechols@knowledgequest.org","United States","Memphis","TN","US","","2026-10-01 13:17:40","14","https://watson.is/truist-foundation-fellowship-application/?gf_token=cd9bf47c30524741a982d4c4261a3f69"
"Beatrice","Ekechukwu","bcekechukwu@yahoo.com","United States","EL PASO","Texas","US","Texas","2026-10-05 07:25:59","",""
"Winniefred","Adong","adongwinnifred21@gmail.com","Uganda","","","","","2026-10-01 13:00:34","15","https://watson.is/truist-foundation-fellowship-application/?gf_token=8ec686d037334522b4b67d1e4b353c3c"
"Arif","Samur","vsamur@gmail.com","United States","Chantilly","VA","US","Virginia","2026-10-01 13:03:41","65","https://watson.is/truist-foundation-fellowship-application/?gf_token=b7b5c2852e01489aa1feed2027eb48fe"
"Tin","Nguyen","ngthanhtinqn@gmail.com","Viet Nam","Auburn","AL","US","Alabama","2026-10-01 13:08:53","",""
"Jeferson","Tenorio","jefferson.tenorio@mlkcol.org","Colombia","Cali","valle del cauca","CO","International - Outside the United States","2026-10-01 13:38:44","",""
"Thierno A","Diallo","diallobouliwelafia@gmail.com","Liberia","pleebo city","maryland","LR","","2026-10-01 12:37:42","13","https://watson.is/truist-foundation-fellowship-application/?gf_token=fb75ed3268a842ff9541fef3aa4c4f2d"
"Daniel","Ureno","daan@deis.foundation","United States","San Antonio","TX","US","International - Outside the United States","2026-10-01 12:42:09","65","https://watson.is/truist-foundation-fellowship-application/?gf_token=2a4ef83906f644ca97a3440b5c12cee8"
"Theresa","Williams","theresa@focusedscholars.org","United States","Atlanta","GA","US","","2026-10-01 12:17:59","13","https://watson.is/truist-foundation-fellowship-application/?gf_token=e18af980a13147459924d1a5c9c0c7e9"
"Thierno A","Diallo","diallobouliwelafia@gmail.com","Liberia","Monrovia","1000","LR","South Carolina","2026-10-01 14:08:39","",""
"Jasmine","Fluker","jasmine@pivotalparadigmproject.org","United States","Houston","Texas","US","California","2026-10-01 11:56:28","82","https://watson.is/truist-foundation-fellowship-application/?gf_token=5482097d492a465b9fcd3d504b626a50"
"Deepak","Doshi","","United States","Houston","Texas","US","","2026-10-01 14:51:57","14","https://watson.is/truist-foundation-fellowship-application/?gf_token=a6832a5428c643dd9cb181d1c4697beb"
"Jasmine","Fluker","jasmine@pivotalparadigmproject.org","United States","Houston","Texas","US","California","2026-10-01 11:56:23","",""
"Jing","Wang","jing.wang20@nih.gov","United States","Bethesda","Maryland","US","Maryland","2026-10-01 11:24:59","75","https://watson.is/truist-foundation-fellowship-application/?gf_token=ec91781b4e994a8c83af0e52bb8771a4"
"Marilyn","Berchie-Gialamas","marilyn@trinitymaternalwellness.org","United States","Columbia","MD","US","","2026-10-01 11:17:33","13","https://watson.is/truist-foundation-fellowship-application/?gf_token=94454c20d9b84f59b7375a101cb480aa"
"Angela","Cabrera","acabrera@AlegnaTechnologies.com","United States","Atlanta","GA","US","Georgia","2026-10-01 11:13:10","71","https://watson.is/truist-foundation-fellowship-application/?gf_token=8eb0cb566a384325a4950503a4bc7b56"
"Annise","Mabry","drmabry@tiersfreeacademy.org","United States","Conyers","GA","US","Georgia","2026-10-01 11:56:14","",""
"Ranada","Owens","ranadaowens@me.com","United States","Douglasville","GA","US","","2026-10-01 11:12:38","21","https://watson.is/truist-foundation-fellowship-application/?gf_token=fadd5b42f94244e6af40da09d7e21623"
"Dr. Carl","Branch","DrCarl@thetomorrowfoundation.org","United States","Ft. Lauderdale","Florida","US","","2026-10-01 11:02:50","23","?gf_token=5d6fd99879d243c7af60eaa75a5da1d6"
"Nicole","Williams","nicolegeer83@gmail.com","United States","Louisville","KY","US","","2026-10-01 11:01:26","11","https://watson.is/truist-foundation-fellowship-application/?gf_token=c302dd76e5e1467ebb3bc7f5f7dd2525"
"Jeffrey","Vique","jeffvique@gmail.com","United States","Lansdowne","VA","US","District of Columbia","2026-10-01 15:06:01","",""
"Angela","Haney","browngirlsread20@gmail.com","United States","Moore","SC","US","South Carolina","2026-10-01 10:59:24","60","https://watson.is/truist-foundation-fellowship-application/?gf_token=2e3a238df7504cde9994abcbac20fa85"
"Kedo","Williams","williamskedo2@gmail.com","Liberia","Monrovia","Stephen Tolbert","LR","","2026-10-01 10:47:44","13","https://watson.is/truist-foundation-fellowship-application/?gf_token=53008ce576a74ce08b4c7e8623716938"
"Tashonda","Robinson","marie@dynamikdiscoveryzone.org","United States","Fort Worth","Texas","US","Texas","2026-10-01 11:32:20","",""
"Ronisha","Levy","ronishaarlene@gmail.com","United States","Atlanta","Georgia","US","Georgia","2026-10-01 10:34:12","72","https://watson.is/truist-foundation-fellowship-application/?gf_token=bb8947e4554a48ad89e514bb57e8060a"
"Airaina","knight","nuwbnsinc2017@gmail.com","","","","","","2026-10-01 13:53:57","2","https://watson.is/truist-foundation-fellowship-application/?gf_token=b9bbded16c66434d8244944a0ec3487e"
"Krystal","Henry","Shandilear20@gmail.com","United States","Anderson","SC","US","","2026-10-01 10:31:18","14","https://watson.is/truist-foundation-fellowship-application/?gf_token=a4a826218d5f40e7a5b1511f6eea8466"
"Dr. Carl","Branch","DrCarl@thetomorrowfoundation.org","United States","Ft. Lauderdale","Florida","US","Florida","2026-10-01 10:59:51","",""
"Shawn","Mayers","shawn@cookiepics.com","United States","Summerville","SC","US","South Carolina","2026-10-01 10:36:56","78","https://watson.is/truist-foundation-fellowship-application/?gf_token=c9ef1c25f2a6430abdf2065c92dc0e0c"
"Jamie","Alexander","LivingwellwithJamie@gmail.com","United States","Jacksonville","Florida","US","Florida","2026-10-01 11:14:44","",""
"Lisa Renee","Walker","lreneeandassociates3@gmail.com","United States","Indianapolis","IN","US","Indiana","2026-10-01 10:16:25","49","https://watson.is/truist-foundation-fellowship-application/?gf_token=e9b1b7224dff4fb58b4636f864c506d4"
"Robin","Kramer","robin.kramer@NEXTSTEPFARMS.ORG","United States","Harvest","Alabama","US","Alabama","2026-10-01 10:05:14","15","https://watson.is/truist-foundation-fellowship-application/?gf_token=822bd9f6fe374693a33855eb3c170b32"
"YASSIN","Hamed","yassinadvoc@gmail.com","United States","College Park","MD","US","International - Outside the United States","2026-10-02 12:58:17","",""
"Angela","Cabrera","acabrera@AlegnaTechnologies.com","United States","Atlanta","GA","US","Georgia","2026-10-01 11:13:04","",""
"Tranard","Harvin","tranardharvin@yahoo.com","United States","Lane","SC","US","South Carolina","2026-10-01 10:27:53","",""
"Mihir","Ajmera","ajmera.mihir.79@gmail.com","United States","Baltimore","MD","US","Maryland","2026-10-01 10:23:00","",""
"Jewell-Toney","Whigham","seatcase@bellsouth.net","United States","Riviera Beach,","Florida","US","Florida","2026-10-01 14:34:49","68","https://watson.is/truist-foundation-fellowship-application/?gf_token=edd842fdd37a41c58b3d4ad7fc07acf8"
"Nolan","Code","nolan@atlanta-robotics.org","United States","Atlanta","Georgia","US","Georgia","2026-10-02 04:57:24","",""
"Noelle","Ross","thesweetross@proton.me","United States","Conyers","Ga","US","Georgia","2026-10-01 10:02:13","",""
"Denika","Oliver","luvlotsss@yahoo.com","United States","Baltimore","MD","US","","2026-10-01 09:52:28","37","https://watson.is/truist-foundation-fellowship-application/?gpasc_new_draft=true&gf_token=b930ca90f2be44e8b560bd6dbfbc1c31"
"Ysante","McDowell","ysante_mcdowell@yahoo.com","United States","Chesnee","SC","US","South Carolina","2026-10-01 10:04:57","",""
"Tonya","Mcfall","tonyamcfall30@gmail.com","United States","Dallas","Georgia","US","Georgia","2026-10-01 10:05:49","",""
"Jing","Wang","jing.wang20@nih.gov","United States","Bethesda","Maryland","US","Maryland","2026-10-01 11:24:46","",""
"Ronisha","Levy","ronishaarlene@gmail.com","United States","Atlanta","Georgia","US","Georgia","2026-10-01 10:34:03","",""
"Daasimi","Ikuteyijo","moiojyi@gmail.com","Nigeria","ATLANTA","GEORGIA","US","","2026-10-02 11:51:38","17","https://watson.is/truist-foundation-fellowship-application/?gf_token=a5c492bd27ad45c099c44e32f83801b3"
"Mickeayla","Clark","mickey4ga@gmail.com","United States","Douglas","GA","US","","2026-10-01 13:25:35","15","?gf_token=b217c4af790b4ec7a6f5fa19cc984bd1"
"Oluseun","Ojo","ed@centerbilitymd.com","United States","Cheverly","MD","US","Maryland","2026-10-02 00:55:28","",""
"Elizabeth","Ekyasiimire","theinspiredtoinspireproject7@gmail.com","Uganda","Kanungu","Western","UG","International - Outside the United States","2026-10-01 09:04:35","84","?gf_token=bbac80f358e34776a5e11177fbf02db6"
"Terica","Carlisle","Tericanicole@gmail.com","United States","Suwanee","GA","US","Georgia","2026-10-01 10:11:39","73","https://watson.is/truist-foundation-fellowship-application/?gf_token=1f5c4f9cc2d64aa8b91bd1be7b5e98af"
"Elizabeth","Ekyasiimire","theinspiredtoinspireproject7@gmail.com","Uganda","Kanungu","Western","UG","International - Outside the United States","2026-10-01 09:01:44","",""
"Antwon","James","hello@ptdfoundation.org","United States","Fort Worth","Texas","US","Texas","2026-09-30 22:47:14","",""
"Airaina","Knight","nuwbnsinc2017@gmail.com","United States","Fayetteville","NC","US","","2026-10-02 12:32:22","33","https://watson.is/truist-foundation-fellowship-application/?gf_token=6f1d168faeee4fd09b06623a9bda5f59"
"Tyisha","Ferguson","Browngirlcandlecafe@gmail.com","United States","DOVER","Delaware","US","Pennsylvania","2026-09-30 20:59:50","73","?gf_token=b470da171dcf4888aaa695cef9363f8e"
"Tyisha","Ferguson","Browngirlcandlecafe@gmail.com","United States","DOVER","Delaware","US","Pennsylvania","2026-09-30 20:57:23","",""
"Chiquita","Russaw","yourdreaminc@gmail.com","United States","jonesboro","GA","US","Georgia","2026-09-30 19:06:44","",""
"Sneha","Patel","snehapatel27dec@gmail.com","India","Arlington","TX","US","","2026-09-30 16:10:49","18","https://watson.is/truist-foundation-fellowship-application/?gf_token=a0fd1189c2214541a091acd4902cc78e"
"Ntaoleng","Labane","labanep@gmail.com","South Africa","Bloemfontein","Free State","ZA","","2026-09-30 15:23:27","21","https://watson.is/truist-foundation-fellowship-application/?gf_token=dfde7315c73f47f1b78861de1e1ba920"
"Kendrick","Jones","Kendrick.Jones.1986@gmail.com","United States","Houston","TX","US","Texas","2026-09-30 14:58:21","",""
"JANEKA","Peace","Shooting4Success1@gmail.com","United States","Wilmington","Delaware","US","Delaware","2026-10-02 08:21:44","",""
"Tyisha","Ferguson","Browngirlcandlecafe@gmail.com","United States","DOVER","Delaware","US","","2026-09-30 11:55:15","8","https://watson.is/truist-foundation-fellowship-application/?gf_token=f1a7c62bfd7a43b6b8a5d6a7f75f4527"
"Patricia","oliveira","contato.institute.reborn@gmail.com","Brazil","new york","NY","US","New York","2026-09-30 11:44:26","",""
"Patricia","Oliveira","contato.institute.reborn@gmail.com","Brazil","new york","NY","US","New York","2026-10-01 13:42:17","",""
"Angelica","Brooks","angelica.brooks420@gmail.com","United States","Deatsville","AL","US","Alabama","2026-09-30 11:08:27","",""
"Sharon","Turner","","","Atlanta","GA","US","","2026-09-30 10:42:46","7","https://watson.is/truist-foundation-fellowship-application/?gf_token=05083700805a4b8792278aadcc643e39"
"Estee","Bradley","ebradley@templebuildinitiative.org","United States","Katy","TX","US","","2026-09-30 10:26:55","27","https://watson.is/truist-foundation-fellowship-application/?gf_token=a8375ef82c8048f8932ca34f44c34a46"
"Melissa","Preston","melissak.page@yahoo.com","United States","Coffeyville","Kansas","US","","2026-09-30 09:53:28","28","https://watson.is/truist-foundation-fellowship-application/?gf_token=a0de65fe3e6a4cb4a7a01b724eddd143"
"Elizabeth","Ekyasiimire","theinspiredtoinspireproject7@gmail.com","Uganda","Kanungu","Western","UG","International - Outside the United States","2026-09-30 10:18:39","76","https://watson.is/truist-foundation-fellowship-application/?gf_token=ea7daedfef274e1189b0d37244f6aa52"
"LaTishia","Jordan","latishialjordanllj@gmail.com","United States","Hermitage","TN","US","Tennessee","2026-09-30 09:45:23","",""
"Alisa","Russell","moments2memories@aol.com","United States","Ovilla","Texas","US","Texas","2026-09-30 09:16:49","",""
"Alisa","Russell","moments2memories@aol.com","United States","Ovilla","Texas","US","Texas","2026-09-30 08:15:37","43","https://watson.is/truist-foundation-fellowship-application/?gf_token=5d10469deb204f388a9dbad2f3febd23"
"Alisa","Russell","moments2memories@aol.com","United States","Ovilla","Texas","US","Texas","2026-09-30 07:57:48","43","https://watson.is/truist-foundation-fellowship-application/?gf_token=47deecdb92164cdbaed7504da65315aa"
"Raja","Meghwar","rajakumar54213@gmail.com","Pakistan","Mithi","Sindh","PK","International - Outside the United States","2026-09-30 08:45:50","",""
"Timiko","Morgan","Tmorgan@mekys.net","United States","Indianapolis","IN","US","Indiana","2026-09-30 08:00:09","",""
"Hani Abdullah Ahmed","Allabani","hanilabani555@gmail.com","Yemen","SANA'A","sanaa","YE","International - Outside the United States","2026-10-04 05:10:32","78","https://watson.is/truist-foundation-fellowship-application/?gf_token=3c96776c13a34bc598d9cf1caa43e075"
"Alisa","Russell","moments2memories@aol.com","United States","Ovilla","Texas","US","Texas","2026-09-30 07:38:15","49","https://watson.is/truist-foundation-fellowship-application/?gf_token=cb8dbdeefc924cf9a082f30f39b9654e"
"James","Crawford","fspforeverstayingpositive@gmail.com","United States","Memphis","TN","US","Tennessee","2026-09-30 06:45:39","",""
"Oretha","Mobley","mrsgrannyclaus@gmail.com","United States","Ellenwood","GA","US","Georgia","2026-10-01 08:09:28","49","https://watson.is/truist-foundation-fellowship-application/?gf_token=afffac9674c64156bcf1c0c9cb8cf7a7"
"Ivey","Caldwell","Icaldwell@louverturefoundation.org","United States","Atlanta","Ga","US","Georgia","2026-09-30 04:53:45","",""
"Kimberly","Springs","kimtwoxiv@gmail.com","United States","Stone Mountain","GA","US","","2026-10-04 15:07:25","28","https://watson.is/truist-foundation-fellowship-application/?gf_token=3ab4f4923dee44b3aef3c28f82d68fa7"
"Saeed","Ahmed khan","saeedkhanhazara@gmail.com","Pakistan","Rawalpindi","Punjab","PK","","2026-09-29 22:42:33","15","https://watson.is/truist-foundation-fellowship-application/?gf_token=b80f0b4ad1c74bd7864503067353a7f4"
"Yolanda","Davis","yolanda@yolandakdavis.com","United States","Friendswood","Texas","US","","2026-09-29 22:33:31","33","https://watson.is/truist-foundation-fellowship-application/?gf_token=341dd6b47f004276b03b707bb5127fd8"
"Mia","Earl","Mia@AbundantLifeWellness-Solutions.com","","","","","","2026-09-29 20:49:15","5","https://watson.is/truist-foundation-fellowship-application/?gf_token=ead2d0fb62064785bd92ca233c8526d2"
"Samanta","Testin","samanta.testing@gmail.com","","","","","","2026-09-29 20:44:21","2","https://watson.is/truist-foundation-fellowship-application/?gpasc_new_draft=true&gf_token=d8915c31bd614857883d25b60b6e7837"
"Angela","Watson","camaraarts@gmail.com","United States","PHILADELPHIA","PA","US","","2026-09-29 20:13:49","13","?gf_token=undefined"
"Pamela","Finney-Harris","pamf.harris@gmail.com","United States","Fairburn","Georgia","US","","2026-09-29 20:09:26","33","https://watson.is/truist-foundation-fellowship-application/?gf_token=c68fe3a3c21f4e748586d2ab4e4640c0"
"","","","","","","","","2026-10-01 07:47:46","1","https://watson.is/truist-foundation-fellowship-application/?gf_token=ee16120b21bd42d0a88a3644e9086093"
"Tonja","Johnson","info@beautifullyunblemished.org","United States","Lakeland","FL","US","","2026-09-29 18:46:48","24","https://watson.is/truist-foundation-fellowship-application/?gf_token=104d2ccc81e849b69faf3d39a79f7d3d"
"Stephanie","Franklin","franklinvines@gmail.com","United States","Houston","TX","US","Texas","2026-09-29 18:24:42","42","https://watson.is/truist-foundation-fellowship-application/?gf_token=b39e7c78f5b04834979a8143f201e469"
"LaTae","Johnson","lataejohnson1@gmail.com","United States","Philadelphia","PA","US","Pennsylvania","2026-09-29 18:29:49","49","https://watson.is/truist-foundation-fellowship-application/?gf_token=53a532949e904880b3f638271ddfbb01"
"Marisol","Testing","marisol.testing@gmail.com","","","","","","2026-09-29 17:26:29","2","https://watson.is/truist-foundation-fellowship-application/?gpasc_new_draft=true&gf_token=58677f33c8374f80a7051c8f4f1f1339"
"Jabaria","Dent","jabaria@graceplacecdc.org","United States","Mobile","Alabama","US","","2026-10-05 08:02:27","23","https://watson.is/truist-foundation-fellowship-application/?gf_token=0476fc2fe22e404c82d26348ff42c723"
"Alyssa","Robinson","alyssanrobinson0812@gmail.com","United States","Orlando","FL","US","","2026-09-30 12:46:25","11","https://watson.is/truist-foundation-fellowship-application/?gf_token=d3fec4da9c344ef4b27202fa2f350efe"
"Shardoria","Humphrey","lavishedkonceited@gmail.com","United States","McDonough","GA","US","","2026-09-29 16:46:45","15","https://watson.is/truist-foundation-fellowship-application/?gf_token=7990e8f25c41481d8dac1193dec49c9e"
"Sajata","Latten Jowers","slattenjowers@wcpss.net","United States","Mint Hill","North Carolina","US","","2026-09-29 16:31:07","20","https://watson.is/truist-foundation-fellowship-application/?gf_token=2423f608b2e541c9832560aaa0a65ae4"
"Maecia","Eichenauer","KnightsSaintPatrick@gmail.com","United States","Naples","Florida","US","Florida","2026-10-01 10:30:13","52","https://watson.is/truist-foundation-fellowship-application/?gf_token=01229d1e923b4edab4e68cf4911e907c"
"Lashay","Calvin","auntieshouse0@gmail.com","United States","Louisville","Ky","US","","2026-09-29 15:39:02","42","https://watson.is/truist-foundation-fellowship-application/?gf_token=d9f0e549051e4eecb994a15069c7cff2"
"Airaina","Knight","","","","","","","2026-09-29 15:29:46","1","https://watson.is/truist-foundation-fellowship-application/?gf_token=e8c091fa211a41fc9274c43691430707"
"Shamika","Minisee","sminisee@gmail.com","United States","Meridianville","AL","US","","2026-09-29 15:26:48","15","https://watson.is/truist-foundation-fellowship-application/?gf_token=4c917f888a8b468b975b456002d4bc9a"
"Darryl","Atwaters","darrylatwaters@gmail.com","United States","DESOTO","TX","US","","2026-10-01 13:45:31","34","https://watson.is/truist-foundation-fellowship-application/?gf_token=ef11488fd5b24793a9cae80bb8cfd5b4"
"","","","","","","","","2026-10-05 09:18:41","4","https://watson.is/truist-foundation-fellowship-application/?gf_token=23b2440086984d2f926aaec1eefd554c"
"Ashley","Hazell","hazellstrategyco@gmail.com","United States","Charlotte","NC","US","North Carolina","2026-09-30 20:11:50","59","https://watson.is/truist-foundation-fellowship-application/?gf_token=ad1ecaa000db4956a4e132b0d8d0c5f9"
"Kydavia","Hassell","gimmesugarbakerymemphis@gmail.com","United States","Cordova","TN","US","","2026-10-01 10:59:45","34","https://watson.is/truist-foundation-fellowship-application/?gf_token=575f132f4c1a45f7ab51c9353ffaa2ec"
"Halima","Muhammad","h@halimamuhammad.com","United States","Porterdale","GA","US","Georgia","2026-09-29 15:31:40","",""
"Nefertiti","Brown","nefertitibrown11@gmail.com","United States","North Charleston","SC","US","","2026-09-29 15:01:56","18","https://watson.is/truist-foundation-fellowship-application/?gf_token=92d169b15bc54da6ac7a86bfcadca55d"
"MANIRAGUHA","Jacques","jacquesmaniraguha7@gmail.com","Rwanda","Kigali","Kigali city","RW","International - Outside the United States","2026-10-01 08:51:37","",""
"Shemika","Swann-Thompson","shemikaswann@gmail.com","United States","Atlanta","GA","US","","2026-09-29 14:57:10","13","https://watson.is/truist-foundation-fellowship-application/?gf_token=1d5ea4e94402422180108b902eaefcfa"
"Jada","Green","zenithbusiness4u@gmail.com","United States","Moss Point","MS","US","","2026-09-29 16:53:08","28","https://watson.is/truist-foundation-fellowship-application/?gf_token=8d4cc7629788416191ac38d5c6c18088"
"Joann","Fleckenstein","joann@acrossallagestherapy.com","United States","Dunwoody","GA","","","2026-10-04 09:35:11","33","https://watson.is/truist-foundation-fellowship-application/?gf_token=7f0078bef01d4e43b604366c6807c89c"
"Andrea","Bibbs","andrea@junedragonfly.com","United States","Atlanta","GA","US","Georgia","2026-09-29 15:21:43","63","https://watson.is/truist-foundation-fellowship-application/?gf_token=284b49a1c1a6472493d703c0ba7dbf25"
"ABENI","BLOODWORTH","abloodworth@chromaticblack.org","United States","Atlanta","GA","US","","2026-09-29 14:35:28","30","https://watson.is/truist-foundation-fellowship-application/?gf_token=cd69df566f22449ea4056d5ce491a1e4"
"Noor","Muhammad","noormuhammad.nyc@gmail.com","United States","Sugar Land","TX","US","Texas","2026-09-30 10:34:37","43","https://watson.is/truist-foundation-fellowship-application/?gf_token=cdc61b2cc6914cf4a140c632f4d30b6e"
"April","Taylor","april@thesvefirm.com","United States","","","","","2026-09-30 10:03:24","10","https://watson.is/truist-foundation-fellowship-application/?gf_token=d2b0bcc84c744863baccce8d2b198fb8"
"Jabari","Lottie","jabari-lottie@outlook.com","United States","","","","","2026-09-29 14:30:44","10","https://watson.is/truist-foundation-fellowship-application/?gf_token=62c66c95ca5c4fe19a29dce792e71952"
"Bridgette","Burton","bridgette@ohtodream.org","United States","Baltimore","Maryland","US","","2026-09-29 17:28:04","28","https://watson.is/truist-foundation-fellowship-application/?gf_token=4b21ba786c3942a9842ceca125551c55"
"Oloye Adeyela","Bennett","bennett@womenintraining.org","United States","Montgomery","Alabama","US","Alabama","2026-09-30 14:58:52","52","https://watson.is/truist-foundation-fellowship-application/?gf_token=74aebb91a4f64bc8b09fb531c1e0417b"
"","","","","","","","","2026-09-29 14:27:22","4","https://watson.is/truist-foundation-fellowship-application/?gf_token=01e1d229f1264ca1bb7b79f56b14bb01"
"Terri Nicole","Singleton","info@terrinicolevo.com","United States","Austell","GA","US","","2026-09-29 14:30:03","23","https://watson.is/truist-foundation-fellowship-application/?gf_token=892f3f0f58824f9db06b7a3457eab0fc"
"Rochelle","Washington","hi@rosereddetcetera.com","United States","Peachtree City","GA","US","","2026-09-29 14:37:42","14","https://watson.is/truist-foundation-fellowship-application/?gf_token=4d1c5c2590fc4a14a02e31f5e780af38"
"My testing","Testing","hellotesting@gmail.com","Bonaire, Sint Eustatius and Saba","","","","","2026-09-29 13:59:22","5","https://watson.is/truist-foundation-fellowship-application/?gf_token=aed7b92174754a9d8d2f3886294d8ec2"
"Destiny Nkechiyere","Marcus","Destinyworkemail403@gmail.com","United Kingdom","Brighton and Hove","united kingdom","GB","International - Outside the United States","2026-09-29 10:28:15","",""
"Victory","Bassey","victoryedikan672@gmail.com","Nigeria","Abuja","Abuja","NG","International - Outside the United States","2026-09-29 10:23:49","",""
"Ronald","Barnes","RonaldBarnes778@yahoo.com","United States","Atlanta","Georgia","US","New York","2026-09-28 17:32:48","50","https://watson.is/truist-foundation-fellowship-application/?gf_token=222de1cdb0d245f1aa9355cf069a61a8"
"Molise","Qatha","moliqatha@gmail.com","Lesotho","Maseru","Lesotho","LS","","2026-09-28 17:18:18","40","https://watson.is/truist-foundation-fellowship-application/?gf_token=b8d266bcc8e149a9b4a4638b4d7f5737"
"monica","testering","lilianranda@gmail.com","Antarctica","Miami","FL","US","","2026-09-25 07:18:11","20","https://watson.is/fellowships-application-test-page-2-2025/?gf_token=e86bba086e9c4004a55e673dcaed864b"
"monica","test 8 sept","lilianranda@gmail.com","United States","Boulder","Colorado","US","Florida","2026-09-23 22:48:25","81","https://watson.is/fellowships-application-test-page-2-2025/?gf_token=3c9c51957dbb46a4ab6488cd26b38768"
"test","monica","monyka@ufm.edu","Angola","1","1","DK","Arizona","2026-09-22 15:13:53","",""
"Maria Pamela","Pelaez","mariapamelapelaez@gmail.com","United States","Washington","DC","US","District of Columbia","2026-09-22 11:53:52","",""
"Pedro","Pascal","pedropascal@gmail.com","United States","Los Angeles","California","US","","2026-09-25 07:24:02","30","https://watson.is/truist-foundation-fellowship-application/?gf_token=6c0fb8490fb94159a78cf20b644457b5"
"Milena Test","Milena Test","milena.kirillova@watson.is","Anguilla","ert","wer","AL","","2026-09-28 16:14:51","39","https://watson.is/truist-foundation-fellowship-application/?gf_token=2cf262c75c3449b788dcc66fdfc4df06"
"Isabel Truist","DeJesus","iwalker8646@gmail.com","United States","Vero Beach","FL","US","District of Columbia","2026-09-16 08:20:07","",""
"Milena Test","Test","mylene9984@gmail.com","American Samoa","dhj","gyiu","AX","Alaska","2026-09-15 08:49:42","",""
"Milena Test","Kirillova Test","mylene9984@gmail.com","United States","Boca raton","FLORIDA","US","Connecticut","2026-09-15 08:44:09","",""
"monica","test 8 sept","lilianranda@gmail.com","United States","Boulder","Colorado","US","Florida","2026-09-23 22:48:20","",""
"Monica Test 7 sept","unsubscribe","monica.solaresdc@gmail.com","Algeria","","","","","2026-09-07 13:02:01","7","https://watson.is/fellowships-application-test-page-2-2025/?gf_token=7e5bb8ef7cae4a8e9c536af27c0dcb49"
"test not saving app","said no in save","monyka@ufm.edu","Anguilla","ssss","ssss","AS","","2026-09-03 08:19:58","14","https://watson.is/fellowships-application-test-page-2-2025/?gf_token=97cb5fb4a8b84ace92b06d05e98d9db1"
"test 3 other email","notification 3 & 4 test","monicalsdc0@gmail.com","United States","City","State / Province / Region","US","","2026-09-28 12:18:58","28","https://watson.is/fellowships-application-test-page-2-2025/?gf_token=fe21017d876d4a2e900d94846933936a"
"Test 2","notifications","monica@watson.is","Kiribati","city","state","DZ","","2026-10-01 10:32:13","55","https://watson.is/truist-foundation-fellowship-application/?preview_id=58205&preview_nonce=aa49b0df9c&_thumbnail_id=67408&preview=true&gf_token=c71a9aab41474d62b610ba653c0afe08"
"Monica - schdule notification","partial entry 2 sep","monica.solaresdc@gmail.com","United States","city","state/provice/ region","BB","Alaska","2026-09-02 18:39:10","",""
